{"model_encoding": {"enth_mol": {"attr": {"regression_data_columns": ["temperature", "pressure", "mole_frac_benzene", "mole_frac_toluene"], "multinomials": 1, "additional_term_expressions": [], "optimal_weights_array": [[6235828404.5736265], [-643124711630.307], [4452900137.582878], [-6680764153.410502], [-5269663435.978223], [-40.49805489044129], [2.388984449855423e-07], [-878489623.1979705], [-1351538016.5985641], [0.10820840593789861], [-5.121042417393023e-13], [2253339700.5629263], [376840623.53656346], [-0.0001355163559989133], [5.345963301345261e-19], [-1238177641.7611458], [-299240320.17042685], [6.428710898275622e-08], [-2.127995528538017e-25], [307769577.9454036], [307232793.13084406], [9.18043579459549e-06], [643124718881.3104], [-4452900137.64897], [643124718924.3577], [-4452900137.650405], [177877520.85902703]], "final_polynomial_order": 5, "errors": {"MAE": 3882.4757179417275, "MSE": 32641930.13277239, "R2": 0.973282450336543, "Adjusted R2": 0.9731953242495933}, "extra_terms_feature_vector": ["IndexedParam[temperature]", "IndexedParam[pressure]", "IndexedParam[mole_frac_benzene]", "IndexedParam[mole_frac_toluene]"]}, "map": {"regression_data_columns": "list", "multinomials": "str", "additional_term_expressions": "list", "optimal_weights_array": "numpy", "final_polynomial_order": "str", "errors": "str", "extra_terms_feature_vector": "other"}}, "entr_mol": {"attr": {"regression_data_columns": ["temperature", "pressure", "mole_frac_benzene", "mole_frac_toluene"], "multinomials": 1, "additional_term_expressions": [], "optimal_weights_array": [[6236139233.176665], [-643124720355.7806], [4449562204.577112], [-6680686556.386977], [-5269434291.625948], [-0.09315625126333116], [1.9109079278939114e-09], [-878506195.3663958], [-1351402313.142807], [0.0002474384776433125], [-4.233948084141306e-15], [2253460369.284419], [376747211.8413945], [-3.103370659260411e-07], [4.419955031700683e-21], [-1237895169.109067], [-299537099.1614839], [1.476234219908434e-10], [-1.7366452139459445e-27], [307487089.14132667], [307485922.1441616], [-4.8935000014826016e-08], [643124720372.9336], [-4449562204.577526], [643124720373.0209], [-4449562204.577526], [177970767.08657306]], "final_polynomial_order": 5, "errors": {"MAE": 9.583877088634257, "MSE": 206.74049676925404, "R2": 0.9718276893690453, "Adjusted R2": 0.9717358192980049}, "extra_terms_feature_vector": ["IndexedParam[temperature]", "IndexedParam[pressure]", "IndexedParam[mole_frac_benzene]", "IndexedParam[mole_frac_toluene]"]}, "map": {"regression_data_columns": "list", "multinomials": "str", "additional_term_expressions": "list", "optimal_weights_array": "numpy", "final_polynomial_order": "str", "errors": "str", "extra_terms_feature_vector": "other"}}, "q": {"attr": {"regression_data_columns": ["temperature", "pressure", "mole_frac_benzene", "mole_frac_toluene"], "multinomials": 1, "additional_term_expressions": [], "optimal_weights_array": [[29.71066762350689], [1675.8349008191094], [1458.78830653115], [-48.05780748306231], [0.7606281060391274], [8.532969547939713e-05], [1.6532203056564342e-12], [20.801597262266114], [-28.208791591496478], [-6.684233531172065e-08], [-9.340903764637867e-19], [1.2525793751800605], [1.3949826732687323], [4.5173033649617363e-10], [-1675.8661021427135], [-1458.788307797869], [-1675.8660234651634], [-1458.7883078601797], [-3.3555826346260575]], "final_polynomial_order": 3, "errors": {"MAE": 0.15440354844315157, "MSE": 0.04340647868116265, "R2": 0.8240685846292934, "Adjusted R2": 0.8236717965730758}, "extra_terms_feature_vector": ["IndexedParam[temperature]", "IndexedParam[pressure]", "IndexedParam[mole_frac_benzene]", "IndexedParam[mole_frac_toluene]"]}, "map": {"regression_data_columns": "list", "multinomials": "str", "additional_term_expressions": "list", "optimal_weights_array": "numpy", "final_polynomial_order": "str", "errors": "str", "extra_terms_feature_vector": "other"}}}, "input_labels": ["temperature", "pressure", "mole_frac_benzene", "mole_frac_toluene"], "output_labels": ["enth_mol", "entr_mol", "q"], "input_bounds": {"temperature": [273.15, 673.15], "pressure": [1000, 900000], "mole_frac_benzene": [0.2, 0.8], "mole_frac_toluene": [0.2, 0.8]}, "surrogate_type": "poly"}